{"cameraMode":{"drawMode":0,"name":"Shaded","section":"Shading Mode"},"sceneLighting":true,"audioPlay":false,"sceneViewState":{"showFog":true,"showMaterialUpdate":false,"showSkybox":true,"showFlares":true,"showImageEffects":true,"showParticleSystems":true,"showVisualEffectGraphs":true,"m_FxEnabled":true},"in2DMode":false,"pivot":{"x":-0.8357467651367188,"y":-0.33695483207702639,"z":0.9580910801887512},"rotation":{"x":-0.09082955867052078,"y":0.6958470940589905,"z":-0.08942338079214096,"w":-0.7067893147468567},"size":3.8232314586639406,"orthographic":false}